Title,Views,Comments,Likes
会議を自動で議事録化！AI文字起こし・要約ガジェット5選,100,0,3
出先作業が快適になるモバイルガジェット６選,97,0,7
電源周りをスッキリさせる配線整理ガジェット７選,85,0,6
デュアルディスプレイ化を実現するモバイルモニター７選,79,0,4
静音性の高いマウス・トラックボール７選,76,0,6
家でも職場でも使えるワイヤレスイヤホン６選,73,0,3
在宅ワークを効率化するデスク周辺アイテム６選,55,0,5
声を美しく届ける！配信者必見の高音質マイク6選,53,0,3
集中力を高める作業環境向上アイテム６選,52,0,3
Apple Watchだけじゃない！コスパ最強スマートウォッチ8選,50,0,5
ケーブル1本で環境激変！多機能ドッキングステーション７選,49,0,3
スマホ撮影をプロ級に！必携カメラガジェット６選,48,0,5
デスクを格上げする！おしゃれで高性能なプレミアムキーボード7選,46,0,3
リモート会議の質を上げるオンラインミーティングデバイス６選,45,0,3
自宅をスマートオフィス化するIoTガジェット７選,44,0,10
机上スペースを有効活用する収納ガジェット7選,41,0,5
長時間デスクワークの味方！姿勢改善エルゴノミクス製品６選,39,0,4
仕事も勉強もはかどる！目に優しいデスクライトおすすめ６選,37,0,3
ハイブリッドワークに最適な持ち運びPCスタンド７選,33,0,6
【Amazon スマイルセール】10,000円以下で購入できる割引率の高いAnker人気製品10選,31,0,4
高音質で集中できるノイズキャンセリングヘッドホン６選,30,0,2
作業がサクサク進む！生産性を高めるタイマー６選,28,0,5
手元で操作が完結するスマートコントローラー７選,28,0,8
姿勢が変われば仕事も変わる！長時間デスクワーク向けPCチェア７選,25,0,2
ワークカフェで活躍するノイズ対策ガジェット７選,24,0,2
小型スピーカーで作業BGMを楽しむアイテム５選,22,0,5
動画編集が爆速化！作業効率を劇的に上げる「高性能周辺機器」6選,21,0,7
集中時間を記録・可視化！作業管理ガジェット6選,19,0,5
ポート不足を解消！外出先で役立つUSBハブ７選,15,0,4
在宅勤務の運動不足対策！デスク周りで使える機器7選,14,0,7
ぐっすり眠れる！睡眠の質を劇的に上げるナイトガジェット6選,10,0,1
自宅カフェを格上げ！おすすめコーヒーメーカー7選,8,0,4
リモートワークの生産性爆上げ！左手デバイス・マクロパッド6選,7,0,5
